Crop,GWP
Bison,-79.84847
Cotton,18303.52
Kernza,290.043942
Mango,-9236.131